RK,TIERS,PLAYER NAME,TEAM,POS,BEST,WORST,AVG.,STD.DEV,BYE
1,1,Jonathan Taylor,IND,RB1,1,2,1.2,0.4,14
2,1,Christian McCaffrey,CAR,RB2,1,6,2.3,1.1,13
3,1,Austin Ekeler,LAC,RB3,2,8,4.5,1.7,8
4,2,Dalvin Cook,MIN,RB4,3,9,6,1.7,7
5,2,Justin Jefferson,MIN,WR1,2,10,6,2.9,7
6,2,Cooper Kupp,LAR,WR2,3,11,6.4,2.4,7
7,2,Derrick Henry,TEN,RB5,3,13,7,3.3,6
8,2,Ja'Marr Chase,CIN,WR3,4,15,8.8,2.6,10
9,2,Najee Harris,PIT,RB6,4,17,8.8,3.9,9
10,2,Joe Mixon,CIN,RB7,3,16,9.9,3.1,10
11,3,D'Andre Swift,DET,RB8,6,26,13,4.1,6
12,3,Davante Adams,LV,WR4,9,21,14.1,2.6,6
13,3,Stefon Diggs,BUF,WR5,8,21,14.1,3.3,7
14,3,Travis Kelce,KC,TE1,9,25,14.1,5,8
15,3,CeeDee Lamb,DAL,WR6,10,21,16.1,2.9,9
16,3,Saquon Barkley,NYG,RB9,8,26,16.4,4.1,9
17,3,Aaron Jones,GB,RB10,6,28,16.7,5.3,14
18,3,Alvin Kamara,NO,RB11,6,29,16.1,4.8,14
19,4,Javonte Williams,DEN,RB12,9,31,21.8,6,9
20,4,Nick Chubb,CLE,RB13,12,30,20.7,5,9
21,4,Leonard Fournette,TB,RB14,12,31,20.9,5,11
22,4,Deebo Samuel,SF,WR7,15,30,21.9,3.5,9
23,4,Mark Andrews,BAL,TE2,13,33,22.5,4.3,10
24,4,Mike Evans,TB,WR8,17,37,24.9,4.7,11
25,4,Tyreek Hill,MIA,WR9,19,35,25.2,3.9,11
26,4,A.J. Brown,PHI,WR10,16,39,27.5,5.4,7
27,4,Tee Higgins,CIN,WR11,21,36,28.4,4,10
28,4,Keenan Allen,LAC,WR12,21,48,29.1,6,8
29,4,Michael Pittman Jr.,IND,WR13,19,40,29.3,4.9,14
30,4,James Conner,ARI,RB15,21,47,29.9,5.6,13
31,4,Ezekiel Elliott,DAL,RB16,18,46,31.5,6.5,9
32,5,DJ Moore,CAR,WR14,23,45,32,5.4,13
33,5,Josh Allen,BUF,QB1,23,48,34.9,4.8,7
34,5,Kyle Pitts,ATL,TE3,21,52,35.1,7.5,14
35,5,Breece Hall,NYJ,RB17,27,63,37.7,8.9,10
36,5,Travis Etienne Jr.,JAC,RB18,22,60,38.7,8.9,11
37,5,Cam Akers,LAR,RB19,22,63,40,8.8,7
38,5,Mike Williams,LAC,WR15,28,64,41.1,8.5,8
39,5,David Montgomery,CHI,RB20,29,72,41.2,9.1,14
40,5,Jaylen Waddle,MIA,WR16,31,58,42.8,6.4,11
41,5,Diontae Johnson,PIT,WR17,34,64,43.9,8.2,9
42,5,Terry McLaurin,WAS,WR18,34,59,43.9,6.7,14
43,5,Courtland Sutton,DEN,WR19,23,73,44.6,12.1,9
44,5,Justin Herbert,LAC,QB2,36,61,44.9,6.1,8
45,6,Brandin Cooks,HOU,WR20,36,73,48.4,10.1,6
46,6,J.K. Dobbins,BAL,RB21,34,69,48.8,7.9,10
47,6,AJ Dillon,GB,RB22,36,66,48.9,7.4,14
48,6,Patrick Mahomes II,KC,QB3,39,70,49.8,8.6,8
49,6,Allen Robinson II,LAR,WR21,32,75,52.5,9.8,7
50,6,Elijah Mitchell,SF,RB23,35,87,52.5,11.3,9
51,6,Lamar Jackson,BAL,QB4,38,70,52.6,8.5,10
52,6,DK Metcalf,SEA,WR22,39,78,53.2,9,11
53,6,Darren Waller,LV,TE4,32,72,53.7,8.7,6
54,6,Josh Jacobs,LV,RB24,33,80,53.7,9.4,6
55,6,George Kittle,SF,TE5,45,71,54.8,6.8,9
56,6,Darnell Mooney,CHI,WR23,42,76,59.6,8.5,14
57,6,Gabriel Davis,BUF,WR24,35,101,62.4,14.9,7
58,7,Kyler Murray,ARI,QB5,36,86,65.3,11.8,13
59,7,Michael Thomas,NO,WR25,41,101,66.8,15.2,14
60,7,Jalen Hurts,PHI,QB6,44,85,64.3,9.3,7
61,7,Marquise Brown,ARI,WR26,41,97,66,12.9,13
62,7,Clyde Edwards-Helaire,KC,RB25,52,87,66.4,9,8
63,7,Jerry Jeudy,DEN,WR27,39,88,64.5,12,9
64,7,Dalton Schultz,DAL,TE6,47,93,67.2,10.9,9
65,7,Damien Harris,NE,RB26,44,91,67.6,11.9,10
66,7,Miles Sanders,PHI,RB27,42,90,67.7,11.6,7
67,7,Chase Edmonds,MIA,RB28,42,92,67.8,13,11
68,7,Antonio Gibson,WAS,RB29,41,116,67.9,19.3,14
69,7,Amon-Ra St. Brown,DET,WR28,44,99,68.8,12.9,6
70,7,Rashod Bateman,BAL,WR29,39,103,69,14.8,10
71,7,Chris Godwin,TB,WR30,43,111,73.3,19.1,11
72,7,JuJu Smith-Schuster,KC,WR31,44,106,71.2,14.7,8
73,7,Elijah Moore,NYJ,WR32,38,90,71.9,10.9,10
74,7,Amari Cooper,CLE,WR33,49,106,74.2,14.3,9
75,7,Kareem Hunt,CLE,RB30,52,115,74.9,12.7,9
76,7,Joe Burrow,CIN,QB7,54,100,75,12.4,10
77,7,Rashaad Penny,SEA,RB31,42,92,75.2,13.3,11
78,7,Tony Pollard,DAL,RB32,53,92,75.7,10.4,9
79,7,Rhamondre Stevenson,NE,RB33,47,100,77.2,13.1,10
80,7,Dallas Goedert,PHI,TE7,54,104,78.5,10.5,7
81,7,Adam Thielen,MIN,WR34,58,106,80.8,12.8,7
82,7,T.J. Hockenson,DET,TE8,55,99,81.1,10.2,6
83,7,Tom Brady,TB,QB8,64,105,82,10.4,11
84,8,Cordarrelle Patterson,ATL,RB34,59,112,83.3,13.3,14
85,8,Devin Singletary,BUF,RB35,60,120,84.2,13.6,7
86,8,Russell Wilson,DEN,QB9,69,110,85.9,10.8,9
87,8,Dak Prescott,DAL,QB10,70,100,87,8.7,9
88,8,Melvin Gordon III,DEN,RB36,68,116,88.4,9.3,9
89,8,Dameon Pierce,HOU,RB37,53,132,89.1,20.3,6
90,8,DeVonta Smith,PHI,WR35,62,109,89.6,12.7,7
91,8,Brandon Aiyuk,SF,WR36,58,111,91,13.3,9
92,8,Trey Lance,SF,QB11,60,126,92.4,15.2,9
93,8,Hunter Renfrow,LV,WR37,58,111,95.4,12.9,6
94,8,Ken Walker III,SEA,RB38,78,132,95.5,13.8,11
95,8,Allen Lazard,GB,WR38,56,159,95.7,17.6,14
96,8,Tyler Lockett,SEA,WR39,74,122,96.4,10.9,11
97,8,Zach Ertz,ARI,TE9,69,135,96.5,11.6,13
98,8,James Cook,BUF,RB39,81,129,96.7,11.5,7
99,8,Drake London,ATL,WR40,62,148,97,19,14
100,8,Christian Kirk,JAC,WR41,63,121,98,12.7,11
101,8,Matthew Stafford,LAR,QB12,76,119,100.4,10.6,7
102,8,Dawson Knox,BUF,TE10,72,147,102.1,14.4,7
103,8,Aaron Rodgers,GB,QB13,76,125,103.8,13.1,14
104,8,Robert Woods,TEN,WR42,79,150,104.5,15.2,6
105,8,Kadarius Toney,NYG,WR43,77,128,108.4,12.5,9
106,8,Darrell Henderson Jr.,LAR,RB40,84,144,108.7,13.4,7
107,9,DeAndre Hopkins,ARI,WR44,81,146,110,14.3,13
108,9,Pat Freiermuth,PIT,TE11,93,145,110.1,14.4,9
109,9,Cole Kmet,CHI,TE12,93,144,110.2,15.7,14
110,9,Michael Carter,NYJ,RB41,82,134,110.5,13.2,10
111,9,Kirk Cousins,MIN,QB14,93,127,111.7,10.3,7
112,9,Derek Carr,LV,QB15,87,127,112.1,11.7,6
113,9,Nyheim Hines,IND,RB42,87,154,112.7,18.4,14
114,9,Chris Olave,NO,WR45,92,181,118,17.8,14
115,9,James Robinson,JAC,RB43,84,192,118.1,20.2,11
116,9,Chase Claypool,PIT,WR46,98,175,120.3,15.1,9
117,9,Alexander Mattison,MIN,RB44,104,155,123.2,12,7
118,9,Tyler Boyd,CIN,WR47,106,172,125,15.7,10
119,9,Treylon Burks,TEN,WR48,84,184,125.3,23.1,6
120,9,Kenneth Gainwell,PHI,RB45,84,174,127.7,19.4,7
121,9,Russell Gage,TB,WR49,104,210,128.2,20.7,11
122,9,Skyy Moore,KC,WR50,91,202,128.5,23.9,8
123,9,Tua Tagovailoa,MIA,QB16,103,172,130.1,15,11
124,9,Jakobi Meyers,NE,WR51,107,179,130.1,16.5,10
125,9,Hunter Henry,NE,TE13,104,160,130.8,13,10
126,9,Justin Fields,CHI,QB17,109,178,132.3,19.3,14
127,9,Jamaal Williams,DET,RB46,111,174,132.9,14.4,6
128,9,Brian Robinson Jr.,WAS,RB47,71,328,134,46.1,14
129,9,Garrett Wilson,NYJ,WR52,108,201,134.7,24,10
130,9,Khalil Herbert,CHI,RB48,99,162,135.7,15.8,14
131,9,Tyler Allgeier,ATL,RB49,103,196,136.2,20.6,14
132,9,J.D. McKissic,WAS,RB50,108,253,137.3,25.2,14
133,9,Marquez Valdes-Scantling,KC,WR53,110,194,138.7,18.8,8
134,9,Irv Smith Jr.,MIN,TE14,104,168,139.3,13.6,7
135,9,Mike Gesicki,MIA,TE15,95,220,140.5,20.8,11
136,9,Albert Okwuegbunam,DEN,TE16,102,187,141.4,19.9,9
137,9,DeVante Parker,NE,WR54,107,206,141.8,25.7,10
138,10,George Pickens,PIT,WR55,107,263,144.1,35.6,9
139,10,Trevor Lawrence,JAC,QB18,114,189,146.4,19.7,11
140,10,Jarvis Landry,NO,WR56,118,212,148.8,24.4,14
141,10,David Njoku,CLE,TE17,101,187,148.9,18.8,9
142,10,Noah Fant,SEA,TE18,129,201,151.5,15.9,11
143,10,Raheem Mostert,MIA,RB51,125,199,152.3,21.3,11
144,10,Rondale Moore,ARI,WR57,102,203,153.8,25.4,13
145,10,Buffalo Bills,BUF,DST1,137,173,155.1,8.5,7
146,10,Gerald Everett,LAC,TE19,130,234,155.3,18.9,8
147,10,DJ Chark Jr.,DET,WR58,118,213,155.5,23.7,6
148,10,Rachaad White,TB,RB52,101,203,149.3,24.9,11
149,10,Matt Ryan,IND,QB19,121,191,157,18.2,14
150,10,Tyler Higbee,LAR,TE20,126,208,157.3,20.5,7
151,10,Kenny Golladay,NYG,WR59,119,258,158.1,34,9
152,10,Tampa Bay Buccaneers,TB,DST2,138,193,158.7,12.7,11
153,10,Julio Jones,TB,WR60,112,200,153.2,27.2,11
154,10,Jameis Winston,NO,QB20,125,195,162.2,17.8,14
155,10,Isaiah Spiller,LAC,RB53,111,255,155.9,37.3,8
156,10,San Francisco 49ers,SF,DST3,142,202,163.2,11.6,9
157,10,Robert Tonyan,GB,TE21,126,246,163.4,26.5,14
158,10,Nico Collins,HOU,WR61,123,244,165.3,27.8,6
159,10,Jahan Dotson,WAS,WR62,109,267,169.6,34.4,14
160,10,Austin Hooper,TEN,TE22,126,207,169.6,19.6,6
161,10,Michael Gallup,DAL,WR63,107,263,163.6,35.3,9
162,10,Indianapolis Colts,IND,DST4,144,210,171.2,13.8,14
163,10,Daniel Jones,NYG,QB21,124,247,173.7,29.2,9
164,10,Evan Engram,JAC,TE23,135,246,173.8,25.4,11
165,10,Ryan Tannehill,TEN,QB22,130,241,175.9,23.5,6
166,10,Mac Jones,NE,QB23,124,221,176.2,22.4,10
167,10,Justin Tucker,BAL,K1,167,239,181.4,19.3,10
168,11,New Orleans Saints,NO,DST5,157,220,177.8,15.8,14
169,11,Los Angeles Rams,LAR,DST6,152,248,183.9,23,7
170,11,Marlon Mack,HOU,RB54,129,278,165.6,25.2,6
171,11,Denver Broncos,DEN,DST7,152,250,180.3,22.1,9
172,11,Corey Davis,NYJ,WR64,134,277,186.2,30.9,10
173,11,Tyler Bass,BUF,K2,175,234,186.4,13.7,7
174,11,Joshua Palmer,LAC,WR65,118,231,181.4,27.9,8
175,11,Mecole Hardman,KC,WR66,137,249,181.6,25.9,8
176,11,Zamir White,LV,RB55,130,333,181.7,46,6
177,11,Hayden Hurst,CIN,TE24,135,243,182.2,26,10
178,11,D'Onta Foreman,CAR,RB56,120,266,177.5,24.2,13
179,11,Isiah Pacheco,KC,RB57,106,265,157.9,38.3,8
180,11,New England Patriots,NE,DST8,156,307,187.1,30.1,10
181,11,Sony Michel,MIA,RB58,103,278,169.8,40.5,11
182,11,Matt Gay,LAR,K3,176,252,194.7,16.7,7
183,11,Jalen Tolbert,DAL,WR67,117,286,183.5,42.9,9
184,11,Robbie Anderson,CAR,WR68,136,223,185.2,26.1,13
185,11,Jared Goff,DET,QB24,147,276,197.1,34.1,6
186,11,Mark Ingram II,NO,RB59,138,234,173.6,23.6,14
187,11,Marvin Jones Jr.,JAC,WR69,129,271,192.9,34.3,11
188,11,K.J. Osborn,MIN,WR70,133,240,187.1,28.4,7
189,11,Evan McPherson,CIN,K4,169,248,199.9,20.7,10
190,11,Los Angeles Chargers,LAC,DST9,161,307,201.4,27.3,8
191,11,Dallas Cowboys,DAL,DST10,155,211,192.8,16.1,9
192,11,Darrel Williams,ARI,RB60,120,329,187.6,54.4,13
193,11,Isaiah McKenzie,BUF,WR71,113,313,194.1,53.2,7
194,11,Gus Edwards,BAL,RB61,136,310,189.6,45.1,10
195,11,Wan'Dale Robinson,NYG,WR72,137,266,195.5,30.4,9
196,11,Brevin Jordan,HOU,TE25,129,291,205,37.5,6
197,11,Daniel Carlson,LV,K5,173,281,206.2,24.9,6
198,11,Green Bay Packers,GB,DST11,160,228,201.7,17.8,14
199,11,Ryan Succop,TB,K6,181,244,213.1,14,11
200,11,Carson Wentz,WAS,QB25,151,314,213.3,36.1,14
201,11,Romeo Doubs,GB,WR73,125,294,191.4,41.9,14
202,11,Harrison Butker,KC,K7,175,237,209,15.6,8
203,11,Christian Watson,GB,WR74,133,342,205.6,47.5,14
204,11,Van Jefferson,LAR,WR75,130,260,195,33.4,7
205,11,Jameson Williams,DET,WR76,145,256,195.3,26.6,6
206,11,Kansas City Chiefs,KC,DST12,162,307,208.5,32.6,8
207,11,Miami Dolphins,MIA,DST13,165,253,204.7,14.8,11
208,11,Tyrion Davis-Price,SF,RB62,134,364,205.9,55.5,9
209,11,Baker Mayfield,CAR,QB26,169,299,222.2,38.7,13
210,11,Baltimore Ravens,BAL,DST14,162,294,218.1,30.3,10
211,11,Matt Prater,ARI,K8,187,252,218.3,12.3,13
212,12,Alec Pierce,IND,WR77,154,270,213.9,28.9,14
213,12,KJ Hamler,DEN,WR78,147,285,209.2,30.6,9
214,12,Logan Thomas,WAS,TE26,153,255,203.6,26.1,14
215,12,Cleveland Browns,CLE,DST15,181,236,215.6,12.6,9
216,12,Parris Campbell,IND,WR79,133,259,210.8,28.3,14
217,12,Zach Wilson,NYJ,QB27,152,334,221.5,43.4,9
218,12,Davis Mills,HOU,QB28,158,309,226.5,41.7,6
219,12,David Bell,CLE,WR80,148,297,217.7,36.5,9
220,12,Jason Sanders,MIA,K9,191,292,231,24.7,11
221,12,Ronald Jones II,KC,RB63,116,311,197.7,64,8
222,12,Curtis Samuel,WAS,WR81,148,263,216.6,22.8,14
223,12,Donovan Peoples-Jones,CLE,WR82,173,261,216.7,16,9
224,12,Boston Scott,PHI,RB64,174,276,211.1,31.4,7
225,12,Philadelphia Eagles,PHI,DST16,164,278,232.5,25.6,7
226,12,Pittsburgh Steelers,PIT,DST17,169,277,227.9,24,9
227,12,Rodrigo Blankenship,IND,K10,187,281,229.1,17.1,14
228,12,Jamison Crowder,BUF,WR83,153,290,219.6,28.6,7
229,12,Nick Folk,NE,K11,189,310,235.6,28.4,10
230,12,Samaje Perine,CIN,RB65,153,314,222.4,36.9,10
231,12,Brandon McManus,DEN,K12,195,282,237.7,17.3,9
232,12,Kendrick Bourne,NE,WR84,177,317,221,29.3,10
233,12,Robbie Gould,SF,K13,197,292,240.7,20.8,9
234,12,Mo Alie-Cox,IND,TE27,159,295,230.8,34.6,14
235,12,Younghoe Koo,ATL,K14,183,353,240.4,40.1,13
236,12,D'Ernest Johnson,CLE,RB66,135,283,223.4,34.9,9
237,12,Jake Elliott,PHI,K15,195,299,247.8,22.9,7
238,12,Jonnu Smith,NE,TE28,186,288,239,29.2,10
239,12,Dustin Hopkins,LAC,K16,194,296,249.8,25.4,8
240,12,Arizona Cardinals,ARI,DST18,207,279,241.2,17.8,13
241,12,Zay Jones,JAC,WR85,196,283,238.9,23.6,11
242,12,Cincinnati Bengals,CIN,DST19,198,305,248.5,27.9,10
243,12,Tennessee Titans,TEN,DST20,207,299,249.3,20.8,6
244,12,Marcus Mariota,ATL,QB29,155,325,261.8,43.1,14
245,12,Sterling Shepard,NYG,WR86,156,297,228,34.3,9
246,12,A.J. Green,ARI,WR87,208,301,237.6,22.1,13
247,12,Damien Williams,ATL,RB67,143,279,212.9,33.9,14
248,12,Jeff Wilson Jr.,SF,RB68,164,312,246,35.1,9
249,12,Minnesota Vikings,MIN,DST21,199,318,263.4,24.9,7
250,12,Rex Burkhead,HOU,RB69,154,312,244.1,37.7,6
251,12,Wil Lutz,NO,K17,214,309,266.3,20.2,14
252,13,Deshaun Watson,CLE,QB30,148,387,263.2,66.2,9
253,13,Greg Zuerlein,NYJ,K18,183,339,257.3,39.1,10
254,13,Carolina Panthers,CAR,DST22,219,318,261.6,21.9,13
255,13,Eno Benjamin,ARI,RB70,164,349,243.1,49.4,13
256,13,Chris Boswell,PIT,K19,218,324,267.6,22,9
257,13,Terrace Marshall Jr.,CAR,WR88,185,306,246.7,29.6,13
258,13,Cameron Brate,TB,TE29,177,318,242.2,32.1,11
259,13,Jerick McKinnon,KC,RB71,163,316,243.4,37,8
260,13,Byron Pringle,CHI,WR89,211,294,243.6,20,14
261,13,Sammy Watkins,GB,WR90,193,299,254,28.6,14
262,13,Kenyan Drake,FA,RB72,180,318,211,35.2,-
263,13,Chuba Hubbard,CAR,RB73,183,368,244.9,43.1,13
264,13,Greg Joseph,MIN,K20,189,324,267,35.5,7
265,13,Laviska Shenault Jr.,JAC,WR91,200,301,237.5,27.5,11
266,13,Mike Davis,BAL,RB74,173,319,243.4,40.2,10
267,13,Trey Sermon,SF,RB75,157,331,245.2,35.5,9
268,13,Chicago Bears,CHI,DST23,217,312,273,30,14
269,13,Mason Crosby,GB,K21,226,298,270,18.5,14
270,13,Matt Breida,NYG,RB76,176,306,258.8,33.7,9
271,13,Graham Gano,NYG,K22,217,320,280.6,23.1,9
272,13,Chris Evans,CIN,RB77,165,331,255.5,46.6,10
273,13,Washington Commanders,WAS,DST24,230,318,279.1,25.6,14
274,13,Hassan Haskins,TEN,RB78,179,312,254.2,41.4,6
275,13,Randall Cobb,GB,WR92,203,276,249.4,19.3,14
276,13,Zack Moss,BUF,RB79,163,294,249.7,32.8,7
277,13,Adam Trautman,NO,TE30,224,352,256.4,28.4,14
278,13,Mitch Trubisky,PIT,QB31,211,355,289.6,38.3,9
279,13,New York Giants,NYG,DST25,219,336,290.8,26,9
280,13,Nelson Agholor,NE,WR93,207,340,264.4,29.3,10
281,13,Bryan Edwards,ATL,WR94,207,372,258.9,30.8,
282,13,C.J. Uzomah,NYJ,TE31,190,351,269.5,30.6,
283,13,Dan Arnold,JAC,TE32,236,334,272.3,24.2,
284,13,Randy Bullock,TEN,K23,238,322,283.7,24.7,
285,13,Braxton Berrios,NYJ,WR95,216,317,251.4,28.5,
286,13,Jason Myers,SEA,K24,229,353,284.6,29.6,
287,13,New York Jets,NYJ,DST26,212,347,299.4,26.7,
288,13,Cedrick Wilson Jr.,MIA,WR96,220,305,260.4,22,
289,13,Jacoby Brissett,CLE,QB32,232,348,295.1,33.5,
290,13,Seattle Seahawks,SEA,DST27,247,345,298.6,23.3,
291,13,Myles Gaskin,MIA,RB80,168,380,255.1,59.9,
292,13,Nick Westbrook-Ikhine,TEN,WR97,214,359,262.7,42.3,
293,13,Kyle Rudolph,TB,TE33,217,341,265.1,37.8,
294,13,Cairo Santos,CHI,K25,241,342,294.8,26,
295,13,Devin Duvernay,BAL,WR98,209,342,278.1,33.8,
296,13,William Fuller V,FA,WR99,204,290,246.1,24.8,
297,13,Joshua Kelley,LAC,RB81,168,328,273.9,40.1,
298,13,Tyler Conklin,NYJ,TE34,184,317,262.2,34.8,
299,13,Daniel Bellinger,NYG,TE35,226,324,269.7,25.3,
300,13,Dontrell Hilliard,TEN,RB82,139,339,252.2,61.4,
301,13,Trey McBride,ARI,TE36,188,381,288.4,39,
302,13,Ka'imi Fairbairn,HOU,K26,245,339,300.2,25,
303,14,Marquez Callaway,NO,WR100,210,379,272.1,45.3,
304,14,Drew Lock,SEA,QB33,242,385,314.5,37.6,
305,14,Odell Beckham Jr.,FA,WR101,214,343,270,32.9,
306,14,Velus Jones Jr.,CHI,WR102,203,324,266.3,34.5,
307,14,Tommy Tremble,CAR,TE37,228,338,283.9,34.9,
308,14,Ke'Shawn Vaughn,TB,RB83,240,325,290.1,23.4,
309,14,Jacksonville Jaguars,JAC,DST28,252,355,312,26.1,
310,14,Harrison Bryant,CLE,TE38,235,335,292.3,28.8,
311,14,Kenny Pickett,PIT,QB34,244,387,319.9,38.9,
312,14,Quez Watkins,PHI,WR103,223,346,291.4,29.3,
313,14,O.J. Howard,BUF,TE39,254,376,296.9,39,
314,14,Phillip Lindsay,IND,RB84,257,363,297.5,26.1,
315,14,Ameer Abdullah,LV,RB85,173,331,237.8,45.8,
316,14,Geno Smith,SEA,QB35,237,358,310.3,33.4,
317,14,Josh Reynolds,DET,WR104,245,370,290.4,33,
318,14,Greg Dulcich,DEN,TE40,190,343,276.5,38.7,
319,14,Giovani Bernard,TB,RB86,237,374,296.8,33,
320,14,Kyle Philips,TEN,WR105,218,334,269.1,31.3,
321,14,James Proche II,BAL,WR106,231,352,287.7,31.5,
322,14,Las Vegas Raiders,LV,DST29,250,340,302.4,28.9,6
323,14,Pierre Strong Jr.,NE,RB87,243,332,299.4,21.4,
324,14,Isaiah Likely,BAL,TE41,190,374,287.3,51.9,
325,14,Tre'Quan Smith,NO,WR107,250,378,288.4,31,
326,14,Jimmy Garoppolo,SF,QB36,255,397,317.6,33.9,
327,14,Jalen Reagor,PHI,WR108,246,369,297.5,25.6,
328,14,Tyquan Thornton,NE,WR109,225,377,284.1,45.8,
329,14,Jaylen Warren,PIT,RB88,179,357,274,45.5,
330,14,Kyren Williams,LAR,RB89,266,393,318.9,29.4,
331,14,Jalen Guyton,LAC,WR110,233,360,302.6,38,
332,14,Chase McLaughlin,FA,K27,251,342,304.1,27,
333,14,Darius Slayton,NYG,WR111,266,384,305.6,33.5,
334,14,Cade York,CLE,K28,250,324,292,18.3,
335,14,Desmond Ridder,ATL,QB37,258,387,324.7,42.1,
336,14,Ty Johnson,NYJ,RB90,254,317,289.4,20,
337,14,Donald Parham Jr.,LAC,TE42,265,355,307.9,26.4,
338,14,Darrynton Evans,CHI,RB91,275,388,315.4,27,
339,14,Snoop Conner,JAC,RB92,255,386,313.3,31.8,
340,14,Josh Lambo,FA,K29,253,346,301.4,29.6,
341,14,Tyler Badie,BAL,RB93,262,368,318,27.7,
342,14,Ty Montgomery,NE,RB94,230,362,286.6,41.7,
343,14,Detroit Lions,DET,DST30,260,345,314.7,24.4,6
344,14,Justin Jackson,DET,RB95,238,359,299,36.5,
345,14,Quintez Cephus,DET,WR112,269,353,309.6,21.9,
346,14,Foster Moreau,LV,TE43,288,394,329.1,33.1,
347,14,Khalil Shakir,BUF,WR113,227,370,306.3,48.4,
348,14,Jerome Ford,CLE,RB96,252,369,316.1,30.3,
349,14,Atlanta Falcons,ATL,DST31,259,355,323.2,26,
350,14,Emmanuel Sanders,FA,WR114,216,299,270.4,33.6,
351,14,Anthony Firkser,ATL,TE44,272,371,321.3,29,
352,14,Dyami Brown,WAS,WR115,268,395,321.6,39.6,
353,15,DeeJay Dallas,SEA,RB97,256,392,314.5,42.4,
354,15,Tevin Coleman,NYJ,RB98,309,370,333.8,22.6,
355,15,Brett Maher,DAL,K30,230,342,280.3,38.1,
356,15,John Bates,WAS,TE45,234,389,317,42.3,
357,15,Danny Gray,SF,WR116,224,384,283.6,48.1,
358,15,Cole Beasley,FA,WR117,293,349,309.6,15.7,
359,15,Salvon Ahmed,MIA,RB99,267,357,319.1,24,
360,15,Duke Johnson Jr.,BUF,RB100,287,393,330.7,34.6,
361,15,Olamide Zaccheaus,ATL,WR118,222,348,276.2,39.5,
362,15,Houston Texans,HOU,DST32,264,355,320.6,25.8,6
363,15,Joey Slye,WAS,K31,287,311,298.6,9,
364,15,Zane Gonzalez,CAR,K32,256,344,299.9,27.2,
365,15,Jaret Patterson,WAS,RB101,308,386,330.9,23.9,
366,15,Chris Conley,HOU,WR119,242,333,286.3,37,
367,15,Jelani Woods,IND,TE46,291,376,333.7,23.6,
368,15,John Metchie III,HOU,WR120,254,294,270.2,13.1,
369,15,Jonathan Garibay,FA,K33,277,353,310.9,27.8,
370,15,Keaontay Ingram,ARI,RB102,291,362,324.3,29.2,
371,15,Deonte Harty,NO,WR121,232,349,280.4,41.8,
372,15,Amari Rodgers,GB,WR122,229,390,324.5,58.6,
373,15,Travis Homer,SEA,RB103,237,357,306.8,47.6,
374,15,Sam Darnold,CAR,QB38,289,385,339.7,24.5,
375,15,Equanimeous St. Brown,CHI,WR123,254,369,311.8,34.5,
376,15,Keelan Cole Sr.,LV,WR124,228,369,294.8,51.1,
377,15,Calvin Austin III,PIT,WR125,286,351,324.6,23,
378,15,Laquon Treadwell,JAC,WR126,285,369,325.7,33,
379,15,Ashton Dulin,IND,WR127,282,384,337.1,38.6,
380,15,Pharaoh Brown,HOU,TE47,294,342,317.2,14.2,
381,15,Jared Cook,FA,TE48,232,303,277,27,
382,15,Noah Brown,DAL,WR128,304,379,328.9,30.8,
383,15,Kylen Granson,IND,TE49,324,381,346,19,
384,15,James Washington,DAL,WR129,295,350,320.8,19.7,
385,15,Dee Eskridge,SEA,WR130,297,328,308.8,13.7,
386,15,Tutu Atwell,LAR,WR131,268,395,323.8,40.5,
387,15,Austin Seibert,DET,K34,293,353,310.8,21.7,
388,15,Jauan Jennings,SF,WR132,271,358,327.2,28.7,
389,15,Rashard Higgins,CAR,WR133,244,383,314.2,46.7,
390,15,Kene Nwangwu,MIN,RB104,215,364,294,52.9,
391,15,Mack Hollins,LV,WR134,243,383,294.5,54.2,
392,15,Cade Otton,TB,TE50,321,361,332.2,14.6,
393,15,Malik Willis,TEN,QB39,278,360,319.2,35.1,
394,15,Latavius Murray,FA,RB105,262,358,320.8,32.7,
395,15,Josiah Deguara,GB,TE51,296,366,321.8,26,
396,15,Phillip Dorsett II,HOU,WR135,295,375,325.2,30.7,
397,15,Anthony Schwartz,CLE,WR136,311,340,325.6,11.5,
398,15,Kyle Juszczyk,SF,RB106,235,310,280.3,32.6,
399,15,Demarcus Robinson,BAL,WR137,261,364,309.8,43.7,
400,15,Tylan Wallace,BAL,WR138,249,372,328.4,44.7,
401,15,Trestan Ebner,CHI,RB107,243,337,282.3,39.9,
402,15,Craig Reynolds,DET,RB108,318,362,330.6,16.1,
403,15,Geoff Swaim,TEN,TE52,255,351,316.5,37.4,
404,15,Malcolm Brown,FA,RB109,314,365,336.8,16.4,
405,15,Devontae Booker,FA,RB110,315,362,337.2,15.2,
406,15,Devonta Freeman,FA,RB111,270,367,322.5,35.3,
407,15,Antonio Brown,FA,WR139,254,271,262.5,8.5,
408,15,David Johnson,FA,RB112,321,382,344,20.7,
409,15,Teddy Bridgewater,MIA,QB40,264,349,313,35.9,
410,15,Brandon Bolden,LV,RB113,256,364,313.7,44.4,
411,15,Juwan Johnson,NO,TE53,315,351,335.8,13,
412,15,Freddie Swain,SEA,WR140,285,395,340.5,39.3,
413,15,Tyler Johnson,TB,WR141,269,373,325.7,43,
414,15,T.Y. Hilton,FA,WR142,307,353,325.7,19.8,
415,15,Joe Flacco,NYJ,QB41,262,397,344,56.8,
416,15,Benny Snell Jr.,PIT,RB114,322,365,344.8,16.8,
417,16,Jordan Akins,NYG,TE54,291,391,333.3,42.2,
418,16,Antoine Wesley,ARI,WR143,296,390,334.3,40.3,
419,16,Ben Skowronek,LAR,WR144,311,361,335,20.5,
420,16,Sam Howell,WAS,QB42,282,327,304.5,22.5,
421,16,Tristan Vizcaino,NE,K35,297,314,305.5,8.5,
422,16,Riley Patterson,DET,K36,280,339,309.5,29.5,
423,16,Ryquell Armstead,JAC,RB115,287,336,311.5,24.5,
424,16,Tyrod Taylor,NYG,QB43,301,331,316,15,
425,16,James McCourt,JAC,K37,307,332,319.5,12.5,
426,16,Will Dissly,SEA,TE55,348,374,359,9.6,
427,16,Chris Moore,HOU,WR145,315,328,321.5,6.5,
428,16,Derrick Gore,KC,RB116,306,388,347.3,33.5,
429,16,James O'Shaughnessy,CHI,TE56,320,332,326,6,
430,16,Demetric Felton Jr.,CLE,RB117,331,368,350.3,15.2,
431,16,Abram Smith,NO,RB118,289,368,328.5,39.5,
432,16,Ian Thomas,CAR,TE57,352,356,354.7,1.9,
433,16,Anthony McFarland Jr.,PIT,RB119,337,392,365.8,21.6,
434,16,Patrick Ricard,BAL,RB120,283,393,338,55,
435,16,JaMycal Hasty,SF,RB121,337,351,344,7,
436,16,Gardner Minshew II,PHI,QB44,333,359,346,13,
437,16,Durham Smythe,MIA,TE58,366,381,372.3,6.5,
438,16,Taysom Hill,NO,TE59,347,351,349,2,
439,16,Auden Tate,FA,WR146,325,379,352,27,
440,16,Tony Jones Jr.,NO,RB122,329,382,355.5,26.5,
441,16,Wayne Gallman Jr.,FA,RB123,339,373,356,17,
442,16,Ryan Griffin,CHI,TE60,344,371,357.5,13.5,
443,16,Dare Ogunbowale,HOU,RB124,327,393,360,33,
444,16,Eric Ebron,FA,TE61,352,371,361.5,9.5,
445,16,Zach Pascal,PHI,WR147,370,396,380.8,10.2,
446,16,Ihmir Smith-Marsette,MIN,WR148,343,390,366.5,23.5,
447,16,Alec Ingold,MIA,RB125,363,380,371.5,8.5,
448,16,Tyler Goodson,GB,RB126,364,382,373,9,
449,16,Ray-Ray McCloud,SF,WR149,361,396,378.5,17.5,
450,16,Drew Sample,CIN,TE62,374,389,381.5,7.5,
451,16,Damiere Byrd,ATL,WR150,373,396,384.5,11.5,
452,16,Cam Sims,WAS,WR151,375,395,385,10,
453,16,Mike Boone,DEN,RB127,386,386,386,0,